Name,Time

BHARATHCHANDRA,15:47:15
BHARATHCHANDRA,15:48:33
BHARATHCHANDRA,15:48:33
DR.STRANGE,15:50:16
DR.STRANGE,15:50:16
DR.STRANGE,15:50:16
DR.STRANGE,15:50:16
DR.STRANGE,15:50:16
BHARATHCHANDRA,15:55:21
BHARATHCHANDRA,15:55:21
DR.STRANGE,15:55:27
DR.STRANGE,15:55:27
DR.STRANGE,15:55:27
DR.STRANGE,15:55:27
DR.STRANGE,15:55:27
BHARATHCHANDRA,15:57:11
BHARATHCHANDRA,15:57:11
DR.STRANGE,15:57:21
DR.STRANGE,15:57:21
DR.STRANGE,15:57:21
DR.STRANGE,15:57:21
DR.STRANGE,15:57:21
GILL,15:57:57
GILL,15:57:57
GILL,15:57:57
GILL,15:57:57
GILL,15:57:57
GILL,15:57:57
GILL,15:57:57
GILL,15:57:57
GILL,15:57:57
GILL,15:57:57
GILL,15:57:57
GILL,15:57:57
GILL,15:57:57
GILL,15:57:57
GILL,15:57:57
GILL,15:57:57
GILL,15:57:57
GILL,15:57:57
GILL,15:57:57
GILL,15:57:57
GILL,15:57:57
GILL,15:57:57
GILL,15:57:57
GILL,15:57:57
BHARATHCHANDRA,16:06:21
BHARATHCHANDRA,16:06:21
BHARATHCHANDRA,11:00:35
BHARATHCHANDRA,11:00:35
BHARATHCHANDRA,11:05:33
BHARATHCHANDRA,11:05:33
BHARATHCHANDRA,11:27:23
BHARATHCHANDRA,11:27:23
VIRAT,11:27:59
VIRAT,11:27:59
VIRAT,11:27:59
VIRAT,11:27:59
VIRAT,11:27:59
VIRAT,11:27:59
VIRAT,11:27:59
VIRAT,11:27:59
VIRAT,11:27:59
VIRAT,11:27:59
VIRAT,11:27:59
VIRAT,11:27:59
VIRAT,11:27:59
VIRAT,11:27:59
VIRAT,11:27:59
VIRAT,11:27:59
VIRAT,11:27:59
VIRAT,11:27:59
VIRAT,11:27:59
VIRAT,11:27:59
VIRAT,11:27:59
VIRAT,11:27:59
VIRAT,11:27:59
VIRAT,11:27:59
VIRAT,11:27:59
VIRAT,11:27:59
VIRAT,11:27:59
VIRAT,11:27:59
VIRAT,11:27:59
VIRAT,11:27:59
VIRAT,11:27:59
VIRAT,11:27:59
VIRAT,11:27:59
VIRAT,11:27:59
VIRAT,11:27:59
VIRAT,11:27:59
VIRAT,11:27:59
VIRAT,11:27:59
VIRAT,11:27:59
VIRAT,11:27:59
VIRAT,11:27:59
VIRAT,11:27:59
VIRAT,11:27:59
VIRAT,11:27:59
VIRAT,11:27:59
VIRAT,11:27:59
VIRAT,11:27:59
VIRAT,11:27:59
VIRAT,11:27:59
VIRAT,11:27:59
VIRAT,11:27:59
VIRAT,11:27:59
VIRAT,11:27:59
VIRAT,11:27:59
VIRAT,11:27:59
VIRAT,11:27:59
BHARATHCHANDRA,11:35:00
BHARATHCHANDRA,11:35:00
BHARATHCHANDRA,22:20:07
BHARATHCHANDRA,22:20:07
BHARATHCHANDRA,11:17:29
BHARATHCHANDRA,11:17:29
BHARATHCHANDRA,11:20:05
BHARATHCHANDRA,11:20:05
SHIVASAI,11:20:21
SHIVASAI,11:20:21
SHIVASAI,11:20:21
SHIVASAI,11:20:21
SHIVASAI,11:20:21
SHIVASAI,11:20:21
SHIVASAI,11:20:21
SHIVASAI,11:20:21
SHIVASAI,11:20:21
SHIVASAI,11:20:21
SHIVASAI,11:20:21
SHIVASAI,11:20:21
SHIVASAI,11:20:21
SHIVASAI,11:20:21
SHIVASAI,11:20:21
SHIVASAI,11:20:21
SHIVASAI,11:20:21
SHIVASAI,11:20:21
SHIVASAI,11:20:21
SHIVASAI,11:20:21
SHIVASAI,11:20:21
SHIVASAI,11:20:21
SHIVASAI,11:20:21
SHIVASAI,11:20:21
SHIVASAI,11:20:21
SHIVASAI,11:20:21
SHIVASAI,11:20:21
SHIVASAI,11:20:21
SHIVASAI,11:20:21
SHIVASAI,11:20:21
SHIVASAI,11:20:21
SHIVASAI,11:20:21
SHIVASAI,11:20:21
SHIVASAI,11:20:21
SHIVASAI,11:20:21
SHIVASAI,11:20:21
SHIVASAI,11:20:21
SHIVASAI,11:20:21
SHIVASAI,11:20:21
SHIVASAI,11:20:21
SHIVASAI,11:20:21
SHIVASAI,11:20:21
SHIVASAI,11:20:21
SHIVASAI,11:20:21
SHIVASAI,11:20:21
SHIVASAI,11:20:21
SHIVASAI,11:20:21
SHIVASAI,11:20:21
SHIVASAI,11:20:21
SHIVASAI,11:20:21
SHIVASAI,11:20:21
SHIVASAI,11:20:21
SHIVASAI,11:20:21
SHIVASAI,11:20:21
SHIVASAI,11:20:21
SHIVASAI,11:20:21
SHIVASAI,11:20:21
SHIVASAI,11:20:21
SHIVASAI,11:20:21
SHIVASAI,11:20:21
SHIVASAI,11:20:21
SHIVASAI,11:20:21
SHIVASAI,11:20:21
SHIVASAI,11:20:21
SHIVASAI,11:20:21
SHIVASAI,11:20:21
SHIVASAI,11:20:21
SHIVASAI,11:20:21
SHIVASAI,11:20:21
SHIVASAI,11:20:21
SHIVASAI,11:20:21
SHIVASAI,11:20:21
SHIVASAI,11:20:21
SHIVASAI,11:20:21
SHIVASAI,11:20:21
SHIVASAI,11:20:21
SHIVASAI,11:20:21
SHIVASAI,11:20:21
SHIVASAI,11:20:21
SHIVASAI,11:20:21
SHIVASAI,11:20:21
SHIVASAI,11:20:21
SHIVASAI,11:20:21
SHIVASAI,11:20:21
SHIVASAI,11:20:21
SHIVASAI,11:20:21
SHIVASAI,11:20:21
SHIVASAI,11:20:21
SHIVASAI,11:20:21
SHIVASAI,11:20:21
SHIVASAI,11:20:21
SHIVASAI,11:20:21
SHIVASAI,11:20:21
SHIVASAI,11:20:21
SHIVASAI,11:20:21
SHIVASAI,11:20:21
SHIVASAI,11:20:21
SHIVASAI,11:20:21
SHIVASAI,11:20:21
SHIVASAI,11:20:21
SHIVASAI,11:20:21
SHIVASAI,11:20:21
SHIVASAI,11:20:21
SHIVASAI,11:20:21
SHIVASAI,11:20:21
SHIVASAI,11:20:21
SHIVASAI,11:20:21
SHIVASAI,11:20:21
SHIVASAI,11:20:21
SHIVASAI,11:20:21
SHIVASAI,11:20:21
SHIVASAI,11:20:21
SHIVASAI,11:20:21
SHIVASAI,11:20:21
SHIVASAI,11:20:21
SHIVASAI,11:20:21
SHIVASAI,11:20:21
SHIVASAI,11:20:21
SHIVASAI,11:20:21
SHIVASAI,11:20:21
BHARATHCHANDRA,11:31:57
BHARATHCHANDRA,11:31:57
BHANU,11:32:12
BHANU,11:32:12
BHANU,11:32:12
BHANU,11:32:12
BHANU,11:32:12
BHANU,11:32:12
BHANU,11:32:12
BHANU,11:32:12
BHANU,11:32:12
BHANU,11:32:12
BHANU,11:32:12
BHANU,11:32:12
BHANU,11:32:12
BHANU,11:32:12
BHANU,11:32:12
BHANU,11:32:12
BHANU,11:32:12
BHANU,11:32:12
BHANU,11:32:12
BHANU,11:32:12
BHANU,11:32:12
BHANU,11:32:12
BHANU,11:32:12
BHANU,11:32:12
BHANU,11:32:12
BHANU,11:32:12
BHANU,11:32:12
BHANU,11:32:12
BHANU,11:32:12
BHANU,11:32:12
BHANU,11:32:12
BHANU,11:32:12
BHANU,11:32:12
BHANU,11:32:12
BHANU,11:32:12
BHANU,11:32:12
BHANU,11:32:12
BHANU,11:32:12
BHANU,11:32:12
BHANU,11:32:12
BHANU,11:32:12
BHANU,11:32:12
BHANU,11:32:12
BHANU,11:32:12
BHANU,11:32:12
BHANU,11:32:12
BHANU,11:32:12
BHANU,11:32:12
BHANU,11:32:12
BHANU,11:32:12
BHANU,11:32:12
BHANU,11:32:12
BHANU,11:32:12
BHANU,11:32:12
BHANU,11:32:12
BHANU,11:32:12
BHANU,11:32:12
BHANU,11:32:12
BHANU,11:32:12
BHANU,11:32:12
BHANU,11:32:12
BHANU,11:32:12
BHANU,11:32:12
BHANU,11:32:12
BHANU,11:32:12
BHANU,11:32:12
BHANU,11:32:12
BHANU,11:32:12
BHANU,11:32:12
BHANU,11:32:12
BHANU,11:32:12
BHANU,11:32:12
BHANU,11:32:12
BHANU,11:32:12
BHANU,11:32:12
BHANU,11:32:12
BHANU,11:32:12
BHANU,11:32:12
BHANU,11:32:12
BHANU,11:32:12
BHANU,11:32:12
BHANU,11:32:12
BHANU,11:32:12
BHANU,11:32:12
BHANU,11:32:12
BHANU,11:32:12
BHANU,11:32:12
BHANU,11:32:12
BHANU,11:32:12
BHANU,11:32:12
BHANU,11:32:12
BHANU,11:32:12
BHANU,11:32:12
BHANU,11:32:12
BHANU,11:32:12
BHANU,11:32:12
BHANU,11:32:12
BHANU,11:32:12
BHANU,11:32:12
BHANU,11:32:12
BHANU,11:32:12
BHANU,11:32:12
BHANU,11:32:12
BHANU,11:32:12
BHANU,11:32:12
BHANU,11:32:12
BHANU,11:32:12
BHANU,11:32:12
BHANU,11:32:12
BHANU,11:32:12
BHANU,11:32:12
BHANU,11:32:12
BHANU,11:32:12
BHANU,11:32:12
BHANU,11:32:12
BHANU,11:32:12
BHANU,11:32:12
BHANU,11:32:12
BHANU,11:32:12
BHANU,11:32:12
BHANU,11:32:12
BHANU,11:32:12
BHANU,11:32:12
BHANU,11:32:12
BHANU,11:32:12
BHANU,11:32:12
BHANU,11:32:12
BHANU,11:32:12
BHANU,11:32:12
BHANU,11:32:12
BHANU,11:32:12
BHANU,11:32:12
BHANU,11:32:12
BHANU,11:32:12
BHANU,11:32:12
BHANU,11:32:12
BHANU,11:32:12
BHANU,11:32:12
BHANU,11:32:12
BHANU,11:32:12
BHANU,11:32:12
BHANU,11:32:12
BHANU,11:32:12
BHANU,11:32:12
BHANU,11:32:12
BHANU,11:32:12
BHANU,11:32:12
BHANU,11:32:12
BHANU,11:32:12
BHANU,11:32:12
BHANU,11:32:12
BHANU,11:32:12
BHANU,11:32:12
BHANU,11:32:12
BHANU,11:32:12
BHANU,11:32:12
BHANU,11:32:12
BHANU,11:32:12
BHANU,11:32:12
BHANU,11:32:12
BHANU,11:32:12
BHANU,11:32:12
BHANU,11:32:12
BHANU,11:32:12
BHANU,11:32:12
BHANU,11:32:12
BHANU,11:32:12
BHANU,11:32:12
BHANU,11:32:12
BHANU,11:32:12
BHANU,11:32:12
BHANU,11:32:12
BHANU,11:32:12
BHANU,11:32:12
BHANU,11:32:12
BHANU,11:32:12
BHANU,11:32:12
BHANU,11:32:12
BHANU,11:32:12
BHANU,11:32:12
BHANU,11:32:12
BHANU,11:32:12
BHANU,11:32:12
BHANU,11:32:12
BHANU,11:32:12
BHANU,11:32:12
BHANU,11:32:12
BHANU,11:32:12
BHANU,11:32:12
BHANU,11:32:12
BHANU,11:32:12
BHANU,11:32:12
BHANU,11:32:12
BHANU,11:32:12
BHANU,11:32:12
BHANU,11:32:12
BHANU,11:32:12
BHANU,11:32:12
BHANU,11:32:12
BHANU,11:32:12
BHANU,11:32:12
BHANU,11:32:12
BHANU,11:32:12
BHANU,11:32:12
BHANU,11:32:12
BHANU,11:32:12
BHANU,11:32:12
BHANU,11:32:12
BHANU,11:32:12
BHANU,11:32:12
BHANU,11:32:12
BHANU,11:32:12
BHANU,11:32:12
BHANU,11:32:12
BHANU,11:32:12
BHANU,11:32:12
BHANU,11:32:12
BHANU,11:32:12
BHANU,11:32:12
BHANU,11:32:12
BHANU,11:32:12
BHANU,11:32:12
BHANU,11:32:12
BHANU,11:32:12
BHANU,11:32:12
BHANU,11:32:12
BHANU,11:32:12
BHANU,11:32:12
BHANU,11:32:12
BHANU,11:32:12
BHANU,11:32:12
BHANU,11:32:12
BHANU,11:32:12
BHANU,11:32:12
BHANU,11:32:12
BHANU,11:32:12
BHANU,11:32:12
BHANU,11:32:12
BHANU,11:32:12
BHANU,11:32:12
BHANU,11:32:12
BHANU,11:32:12
SHIVASAI,11:32:37
SHIVASAI,11:32:37
SHIVASAI,11:32:37
SHIVASAI,11:32:37
SHIVASAI,11:32:37
SHIVASAI,11:32:37
SHIVASAI,11:32:37
SHIVASAI,11:32:37
SHIVASAI,11:32:37
SHIVASAI,11:32:37
SHIVASAI,11:32:37
SHIVASAI,11:32:37
SHIVASAI,11:32:37
SHIVASAI,11:32:37
SHIVASAI,11:32:37
SHIVASAI,11:32:37
SHIVASAI,11:32:37
SHIVASAI,11:32:37
SHIVASAI,11:32:37
SHIVASAI,11:32:37
SHIVASAI,11:32:37
SHIVASAI,11:32:37
SHIVASAI,11:32:37
SHIVASAI,11:32:37
SHIVASAI,11:32:37
SHIVASAI,11:32:37
SHIVASAI,11:32:37
SHIVASAI,11:32:37
SHIVASAI,11:32:37
SHIVASAI,11:32:37
SHIVASAI,11:32:37
SHIVASAI,11:32:37
SHIVASAI,11:32:37
SHIVASAI,11:32:37
SHIVASAI,11:32:37
SHIVASAI,11:32:37
SHIVASAI,11:32:37
SHIVASAI,11:32:37
SHIVASAI,11:32:37
SHIVASAI,11:32:37
SHIVASAI,11:32:37
SHIVASAI,11:32:37
SHIVASAI,11:32:37
SHIVASAI,11:32:37
SHIVASAI,11:32:37
SHIVASAI,11:32:37
SHIVASAI,11:32:37
SHIVASAI,11:32:37
SHIVASAI,11:32:37
SHIVASAI,11:32:37
SHIVASAI,11:32:37
SHIVASAI,11:32:37
SHIVASAI,11:32:37
SHIVASAI,11:32:37
SHIVASAI,11:32:37
SHIVASAI,11:32:37
SHIVASAI,11:32:37
SHIVASAI,11:32:37
SHIVASAI,11:32:37
SHIVASAI,11:32:37
SHIVASAI,11:32:37
SHIVASAI,11:32:37
SHIVASAI,11:32:37
SHIVASAI,11:32:37
SHIVASAI,11:32:37
SHIVASAI,11:32:37
SHIVASAI,11:32:37
SHIVASAI,11:32:37
SHIVASAI,11:32:37
SHIVASAI,11:32:37
SHIVASAI,11:32:37
SHIVASAI,11:32:37
SHIVASAI,11:32:37
SHIVASAI,11:32:37
SHIVASAI,11:32:37
SHIVASAI,11:32:37
SHIVASAI,11:32:37
SHIVASAI,11:32:37
SHIVASAI,11:32:37
SHIVASAI,11:32:37
SHIVASAI,11:32:37
SHIVASAI,11:32:37
SHIVASAI,11:32:37
SHIVASAI,11:32:37
SHIVASAI,11:32:37
SHIVASAI,11:32:37
SHIVASAI,11:32:37
SHIVASAI,11:32:37
SHIVASAI,11:32:37
SHIVASAI,11:32:37
SHIVASAI,11:32:37
SHIVASAI,11:32:37
SHIVASAI,11:32:37
SHIVASAI,11:32:37
SHIVASAI,11:32:37
SHIVASAI,11:32:37
SHIVASAI,11:32:37
SHIVASAI,11:32:37
SHIVASAI,11:32:37
SHIVASAI,11:32:37
SHIVASAI,11:32:37
SHIVASAI,11:32:37
SHIVASAI,11:32:37
SHIVASAI,11:32:37
SHIVASAI,11:32:37
SHIVASAI,11:32:37
SHIVASAI,11:32:37
SHIVASAI,11:32:37
SHIVASAI,11:32:37
SHIVASAI,11:32:37
SHIVASAI,11:32:37
SHIVASAI,11:32:37
SHIVASAI,11:32:37
SHIVASAI,11:32:37
SHIVASAI,11:32:37
SHIVASAI,11:32:37
SHIVASAI,11:32:37
SHIVASAI,11:32:37
SHIVASAI,11:32:37
SHIVASAI,11:32:37
BHANU,11:56:34
BHANU,11:56:34
BHANU,11:56:34
BHANU,11:56:34
BHANU,11:56:34
BHANU,11:56:34
BHANU,11:56:34
BHANU,11:56:34
BHANU,11:56:34
BHANU,11:56:34
BHANU,11:56:34
BHANU,11:56:34
BHANU,11:56:34
BHANU,11:56:34
BHANU,11:56:34
BHANU,11:56:34
BHANU,11:56:34
BHANU,11:56:34
BHANU,11:56:34
BHANU,11:56:34
BHANU,11:56:34
BHANU,11:56:34
BHANU,11:56:34
BHANU,11:56:34
BHANU,11:56:34
BHANU,11:56:34
BHANU,11:56:34
BHANU,11:56:34
BHANU,11:56:34
BHANU,11:56:34
BHANU,11:56:34
BHANU,11:56:34
BHANU,11:56:34
BHANU,11:56:34
BHANU,11:56:34
BHANU,11:56:34
BHANU,11:56:34
BHANU,11:56:34
BHANU,11:56:34
BHANU,11:56:34
BHANU,11:56:34
BHANU,11:56:34
BHANU,11:56:34
BHANU,11:56:34
BHANU,11:56:34
BHANU,11:56:34
BHANU,11:56:34
BHANU,11:56:34
BHANU,11:56:34
BHANU,11:56:34
BHANU,11:56:34
BHANU,11:56:34
BHANU,11:56:34
BHANU,11:56:34
BHANU,11:56:34
BHANU,11:56:34
BHANU,11:56:34
BHANU,11:56:34
BHANU,11:56:34
BHANU,11:56:34
BHANU,11:56:34
BHANU,11:56:34
BHANU,11:56:34
BHANU,11:56:34
BHANU,11:56:34
BHANU,11:56:34
BHANU,11:56:34
BHANU,11:56:34
BHANU,11:56:34
BHANU,11:56:34
BHANU,11:56:34
BHANU,11:56:34
BHANU,11:56:34
BHANU,11:56:34
BHANU,11:56:34
BHANU,11:56:34
BHANU,11:56:34
BHANU,11:56:34
BHANU,11:56:34
BHANU,11:56:34
BHANU,11:56:34
BHANU,11:56:34
BHANU,11:56:34
BHANU,11:56:34
BHANU,11:56:34
BHANU,11:56:34
BHANU,11:56:34
BHANU,11:56:34
BHANU,11:56:34
BHANU,11:56:34
BHANU,11:56:34
BHANU,11:56:34
BHANU,11:56:34
BHANU,11:56:34
BHANU,11:56:34
BHANU,11:56:34
BHANU,11:56:34
BHANU,11:56:34
BHANU,11:56:34
BHANU,11:56:34
BHANU,11:56:34
BHANU,11:56:34
BHANU,11:56:34
BHANU,11:56:34
BHANU,11:56:34
BHANU,11:56:34
BHANU,11:56:34
BHANU,11:56:34
BHANU,11:56:34
BHANU,11:56:34
BHANU,11:56:34
BHANU,11:56:34
BHANU,11:56:34
BHANU,11:56:34
BHANU,11:56:34
BHANU,11:56:34
BHANU,11:56:34
BHANU,11:56:34
BHANU,11:56:34
BHANU,11:56:34
BHANU,11:56:34
BHANU,11:56:34
BHANU,11:56:34
BHANU,11:56:34
BHANU,11:56:34
BHANU,11:56:34
BHANU,11:56:34
BHANU,11:56:34
BHANU,11:56:34
BHANU,11:56:34
BHANU,11:56:34
BHANU,11:56:34
BHANU,11:56:34
BHANU,11:56:34
BHANU,11:56:34
BHANU,11:56:34
BHANU,11:56:34
BHANU,11:56:34
BHANU,11:56:34
BHANU,11:56:34
BHANU,11:56:34
BHANU,11:56:34
BHANU,11:56:34
BHANU,11:56:34
BHANU,11:56:34
BHANU,11:56:34
BHANU,11:56:34
BHANU,11:56:34
BHANU,11:56:34
BHANU,11:56:34
BHANU,11:56:34
BHANU,11:56:34
BHANU,11:56:34
BHANU,11:56:34
BHANU,11:56:34
BHANU,11:56:34
BHANU,11:56:34
BHANU,11:56:34
BHANU,11:56:34
BHANU,11:56:34
BHANU,11:56:34
BHANU,11:56:34
BHANU,11:56:34
BHANU,11:56:34
BHANU,11:56:34
BHANU,11:56:34
BHANU,11:56:34
BHANU,11:56:34
BHANU,11:56:34
BHANU,11:56:34
BHANU,11:56:34
BHANU,11:56:34
BHANU,11:56:34
BHANU,11:56:34
BHANU,11:56:34
BHANU,11:56:34
BHANU,11:56:34
BHANU,11:56:34
BHANU,11:56:34
BHANU,11:56:34
BHANU,11:56:34
BHANU,11:56:34
BHANU,11:56:34
BHANU,11:56:34
BHANU,11:56:34
BHANU,11:56:34
BHANU,11:56:34
BHANU,11:56:34
BHANU,11:56:34
BHANU,11:56:34
BHANU,11:56:34
BHANU,11:56:34
BHANU,11:56:34
BHANU,11:56:34
BHANU,11:56:34
BHANU,11:56:34
BHANU,11:56:34
BHANU,11:56:34
BHANU,11:56:34
BHANU,11:56:34
BHANU,11:56:34
BHANU,11:56:34
BHANU,11:56:34
BHANU,11:56:34
BHANU,11:56:34
BHANU,11:56:34
BHANU,11:56:34
BHANU,11:56:34
BHANU,11:56:34
BHANU,11:56:34
BHANU,11:56:34
BHANU,11:56:34
BHANU,11:56:34
BHANU,11:56:34
BHANU,11:56:34
BHANU,11:56:34
BHANU,11:56:34
BHANU,11:56:34
BHANU,11:56:34
BHANU,11:56:34
BHANU,11:56:34
BHANU,11:56:34
BHANU,11:56:34
BHANU,11:56:34
BHANU,11:56:34
BHANU,11:56:34
BHANU,11:56:34
BHANU,11:56:34
BHANU,11:56:34
BHANU,11:56:34
BHANU,11:56:34
BHANU,11:56:34
BHANU,11:56:34
BHANU,11:56:34
BHANU,11:56:34
BHANU,11:56:34
BHANU,11:56:34
BHANU,11:56:34
BHANU,11:56:34
BHANU,11:56:34
BHANU,11:56:34
BHANU,11:56:34
BHARATHCHANDRA,11:56:34
BHARATHCHANDRA,11:56:34
BHARATHCHANDRA,12:20:45
BHARATHCHANDRA,12:20:45
BHARATHCHANDRA,12:22:43
BHARATHCHANDRA,12:22:43
BHARATHCHANDRA,16:05:30
BHARATHCHANDRA,16:05:30
ARUN,16:05:41
ARUN,16:05:41
ARUN,16:05:41
ARUN,16:05:41
ARUN,16:05:41
ARUN,16:05:41
ARUN,16:05:41
ARUN,16:05:41
ARUN,16:05:41
ARUN,16:05:41
ARUN,16:05:41
ARUN,16:05:41
ARUN,16:05:41
ARUN,16:05:41
ARUN,16:05:41
ARUN,16:05:41
ARUN,16:05:41
ARUN,16:05:41
ARUN,16:05:41
ARUN,16:05:41
ARUN,16:05:41
ARUN,16:05:41
ARUN,16:05:41
ARUN,16:05:41
ARUN,16:05:41
ARUN,16:05:41
ARUN,16:05:41
ARUN,16:05:41
ARUN,16:05:41
ARUN,16:05:41
ARUN,16:05:41
ARUN,16:05:41
ARUN,16:05:41
ARUN,16:05:41
ARUN,16:05:41
ARUN,16:05:41
ARUN,16:05:41
ARUN,16:05:41
ARUN,16:05:41
ARUN,16:05:41
ARUN,16:05:41
ARUN,16:05:41
ARUN,16:05:41
ARUN,16:05:41
ARUN,16:05:41
ARUN,16:05:41
ARUN,16:05:41
ARUN,16:05:41
ARUN,16:05:41
ARUN,16:05:41
ARUN,16:05:41
ARUN,16:05:41
ARUN,16:05:41
ARUN,16:05:41
ARUN,16:05:41
ARUN,16:05:41
ARUN,16:05:41
ARUN,16:05:41
ARUN,16:05:41
ARUN,16:05:41
ARUN,16:05:41
ARUN,16:05:41
ARUN,16:05:41
ARUN,16:05:41
ARUN,16:05:41
ARUN,16:05:41
ARUN,16:05:41
ARUN,16:05:41
ARUN,16:05:41
ARUN,16:05:41
ARUN,16:05:41
ARUN,16:05:41
ARUN,16:05:41
ARUN,16:05:41
ARUN,16:05:41
ARUN,16:05:41
ARUN,16:05:41
ARUN,16:05:41
ARUN,16:05:41
ARUN,16:05:41
ARUN,16:05:41
ARUN,16:05:41
ARUN,16:05:41
ARUN,16:05:41
ARUN,16:05:41
ARUN,16:05:41
ARUN,16:05:41
ARUN,16:05:41
ARUN,16:05:41
ARUN,16:05:41
ARUN,16:05:41
ARUN,16:05:41
ARUN,16:05:41
ARUN,16:05:41
ARUN,16:05:41
ARUN,16:05:41
ARUN,16:05:41
ARUN,16:05:41
ARUN,16:05:41
ARUN,16:05:41
ARUN,16:05:41
ARUN,16:05:41
ARUN,16:05:41
ARUN,16:05:41
ARUN,16:05:41
ARUN,16:05:41
ARUN,16:05:41
ARUN,16:05:41
ARUN,16:05:41
ARUN,16:05:41
ARUN,16:05:41
ARUN,16:05:41
ARUN,16:05:41
ARUN,16:05:41
ARUN,16:05:41
ARUN,16:05:41
ARUN,16:05:41
ARUN,16:05:41
ARUN,16:05:41
ARUN,16:05:41
ARUN,16:05:41
ARUN,16:05:41
ARUN,16:05:41
ARUN,16:05:41
ARUN,16:05:41
ARUN,16:05:41
ARUN,16:05:41
ARUN,16:05:41
ARUN,16:05:41
ARUN,16:05:41
ARUN,16:05:41
ARUN,16:05:41
ARUN,16:05:41
ARUN,16:05:41
ARUN,16:05:41
ARUN,16:05:41
ARUN,16:05:41
ARUN,16:05:41
ARUN,16:05:41
ARUN,16:05:41
ARUN,16:05:41
ARUN,16:05:41
ARUN,16:05:41
ARUN,16:05:41
ARUN,16:05:41
ARUN,16:05:41
ARUN,16:05:41
ARUN,16:05:41
ARUN,16:05:41
ARUN,16:05:41
ARUN,16:05:41
ARUN,16:05:41
ARUN,16:05:41
ARUN,16:05:41
ARUN,16:05:41
ARUN,16:05:41
ARUN,16:05:41
ARUN,16:05:41
ARUN,16:05:41
ARUN,16:05:41
ARUN,16:05:41
ARUN,16:05:41
ARUN,16:05:41
ARUN,16:05:41
ARUN,16:05:41
ARUN,16:05:41
ARUN,16:05:41
ARUN,16:05:41
ARUN,16:05:41
ARUN,16:05:41
ARUN,16:05:41
ARUN,16:05:41
ARUN,16:05:41
ARUN,16:05:41
ARUN,16:05:41
ARUN,16:05:41
ARUN,16:05:41
ARUN,16:05:41
ARUN,16:05:41
ARUN,16:05:41
ARUN,16:05:41
ARUN,16:05:41
ARUN,16:05:41
ARUN,16:05:41
ARUN,16:05:41
ARUN,16:05:41
ARUN,16:05:41
ARUN,16:05:41
ARUN,16:05:41
ARUN,16:05:41
ARUN,16:05:41
ARUN,16:05:41
ARUN,16:05:41
ARUN,16:05:41
ARUN,16:05:41
ARUN,16:05:41
ARUN,16:05:41
ARUN,16:05:41
ARUN,16:05:41
ARUN,16:05:41
ARUN,16:05:41
ARUN,16:05:41
ARUN,16:05:41
ARUN,16:05:41
ARUN,16:05:41
ARUN,16:05:41
ARUN,16:05:41
ARUN,16:05:41
ARUN,16:05:41
ARUN,16:05:41
ARUN,16:05:41
ARUN,16:05:41
ARUN,16:05:41
ARUN,16:05:41
ARUN,16:05:41
ARUN,16:05:41
ARUN,16:05:41
ARUN,16:05:41
ARUN,16:05:41
ARUN,16:05:41
ARUN,16:05:41
ARUN,16:05:41
ARUN,16:05:41
ARUN,16:05:41
ARUN,16:05:41
ARUN,16:05:41
ARUN,16:05:41
ARUN,16:05:41
ARUN,16:05:41
ARUN,16:05:41
ARUN,16:05:41
ARUN,16:05:41
ARUN,16:05:41
ARUN,16:05:41
ARUN,16:05:41
ARUN,16:05:41
ARUN,16:05:41
ARUN,16:05:41
ARUN,16:05:41
ARUN,16:05:41
ARUN,16:05:41
ARUN,16:05:41
ARUN,16:05:41
ARUN,16:05:41
ARUN,16:05:41
ARUN,16:05:41
ARUN,16:05:41
ARUN,16:05:41
ARUN,16:05:41
ARUN,16:05:41
ARUN,16:05:41
ARUN,16:05:41
ARUN,16:05:41
ARUN,16:05:41
ARUN,16:05:41
ARUN,16:05:41
ARUN,16:05:41
ARUN,16:05:41
ARUN,16:05:41
ARUN,16:05:41
ARUN,16:05:41
ARUN,16:05:41
ARUN,16:05:41
ARUN,16:05:41
ARUN,16:05:41
ARUN,16:05:41
ARUN,16:05:41
ARUN,16:05:41
ARUN,16:05:41
ARUN,16:05:41
ARUN,16:05:41
ARUN,16:05:41
ARUN,16:05:41
ARUN,16:05:41
ARUN,16:05:41
ARUN,16:05:41
ARUN,16:05:41
ARUN,16:05:41
ARUN,16:05:41
ARUN,16:05:41
ARUN,16:05:41
ARUN,16:05:41
ARUN,16:05:41
ARUN,16:05:41
ARUN,16:05:41
ARUN,16:05:41
ARUN,16:05:41
ARUN,16:05:41
ARUN,16:05:41
ARUN,16:05:41
ARUN,16:05:41
ARUN,16:05:41
ARUN,16:05:41
ARUN,16:05:41
ARUN,16:05:41
ARUN,16:05:41
ARUN,16:05:41
ARUN,16:05:41
ARUN,16:05:41
ARUN,16:05:41
ARUN,16:05:41
ARUN,16:05:41
ARUN,16:05:41
ARUN,16:05:41
ARUN,16:05:41
ARUN,16:05:41
ARUN,16:05:41
ARUN,16:05:41
ARUN,16:05:41
ARUN,16:05:41
ARUN,16:05:41
ARUN,16:05:41
ARUN,16:05:41
ARUN,16:05:41
ARUN,16:05:41
ARUN,16:05:41
ARUN,16:05:41
ARUN,16:05:41
ARUN,16:05:41
ARUN,16:05:41
ARUN,16:05:41
ARUN,16:05:41
ARUN,16:05:41
ARUN,16:05:41
ARUN,16:05:41
ARUN,16:05:41
ARUN,16:05:41
ARUN,16:05:41
ARUN,16:05:41
ARUN,16:05:41
ARUN,16:05:41
ARUN,16:05:41
ARUN,16:05:41
ARUN,16:05:41
ARUN,16:05:41
ARUN,16:05:41
ARUN,16:05:41
ARUN,16:05:41
ARUN,16:05:41
ARUN,16:05:41
ARUN,16:05:41
ARUN,16:05:41
ARUN,16:05:41
ARUN,16:05:41
ARUN,16:05:41
ARUN,16:05:41
ARUN,16:05:41
ARUN,16:05:41
ARUN,16:05:41
ARUN,16:05:41
ARUN,16:05:41
ARUN,16:05:41
ARUN,16:05:41
ARUN,16:05:41
ARUN,16:05:41
ARUN,16:05:41
ARUN,16:05:41
ARUN,16:05:41
ARUN,16:05:41
ARUN,16:05:41
ARUN,16:05:41
ARUN,16:05:41
ARUN,16:05:41
ARUN,16:05:41
ARUN,16:05:41
ARUN,16:05:41
ARUN,16:05:41
ARUN,16:05:41
ARUN,16:05:41
ARUN,16:05:41
ARUN,16:05:41
ARUN,16:05:41
ARUN,16:05:41
ARUN,16:05:41
ARUN,16:05:41
ARUN,16:05:41
ARUN,16:05:41
ARUN,16:05:41
ARUN,16:05:41
ARUN,16:05:41
ARUN,16:05:41
ARUN,16:05:41
ARUN,16:05:41
ARUN,16:05:41
ARUN,16:05:41
ARUN,16:05:41
ARUN,16:05:41
ARUN,16:05:41
ARUN,16:05:41
ARUN,16:05:41
ARUN,16:05:41
ARUN,16:05:41
ARUN,16:05:41
ARUN,16:05:41
ARUN,16:05:41
ARUN,16:05:41
ARUN,16:05:41
ARUN,16:05:41
ARUN,16:05:41
ARUN,16:05:41
ARUN,16:05:41
ARUN,16:05:41
ARUN,16:05:41
ARUN,16:05:41
ARUN,16:05:41
ARUN,16:05:41
ARUN,16:05:41
ARUN,16:05:41
ARUN,16:05:41
ARUN,16:05:41
ARUN,16:05:41
ARUN,16:05:41
ARUN,16:05:41
ARUN,16:05:41
ARUN,16:05:41
ARUN,16:05:41
ARUN,16:05:41
ARUN,16:05:41
ARUN,16:05:41
ARUN,16:05:41
ARUN,16:05:41
ARUN,16:05:41
ARUN,16:05:41
ARUN,16:05:41
ARUN,16:05:41
ARUN,16:05:41
ARUN,16:05:41
ARUN,16:05:41
ARUN,16:05:41
ARUN,16:05:41
ARUN,16:05:41
ARUN,16:05:41
ARUN,16:05:41
ARUN,16:05:41
ARUN,16:05:41
ARUN,16:05:41
ARUN,16:05:41
ARUN,16:05:41
ARUN,16:05:41
ARUN,16:05:41
ARUN,16:05:41
ARUN,16:05:41
ARUN,16:05:41
ARUN,16:05:41
ARUN,16:05:41
ARUN,16:05:41
ARUN,16:05:41
ARUN,16:05:41
ARUN,16:05:41
ARUN,16:05:41
ARUN,16:05:41
ARUN,16:05:41
ARUN,16:05:41
ARUN,16:05:41
ARUN,16:05:41
ARUN,16:05:41
ARUN,16:05:41
ARUN,16:05:41
ARUN,16:05:41
ARUN,16:05:41
ARUN,16:05:41
ARUN,16:05:41
ARUN,16:05:41
ARUN,16:05:41
ARUN,16:05:41
ARUN,16:05:41
ARUN,16:05:41
ARUN,16:05:41
ARUN,16:05:41
ARUN,16:05:41
ARUN,16:05:41
ARUN,16:05:41
ARUN,16:05:41
ARUN,16:05:41
ARUN,16:05:41
ARUN,16:05:41
ARUN,16:05:41
ARUN,16:05:41
ARUN,16:05:41
ARUN,16:05:41
ARUN,16:05:41
ARUN,16:05:41
ARUN,16:05:41
ARUN,16:05:41
ARUN,16:05:41
ARUN,16:05:41
ARUN,16:05:41
ARUN,16:05:41
ARUN,16:05:41
ARUN,16:05:41
ARUN,16:05:41
ARUN,16:05:41
ARUN,16:05:41
ARUN,16:05:41
ARUN,16:05:41
ARUN,16:05:41
ARUN,16:05:41
ARUN,16:05:41
ARUN,16:05:41
ARUN,16:05:41
ARUN,16:05:41
ARUN,16:05:41
ARUN,16:05:41
ARUN,16:05:41
ARUN,16:05:41
ARUN,16:05:41
ARUN,16:05:41
ARUN,16:05:41
ARUN,16:05:41
ARUN,16:05:41
ARUN,16:05:41
ARUN,16:05:41
ARUN,16:05:41
ARUN,16:05:41
ARUN,16:05:41
ARUN,16:05:41
ARUN,16:05:41
ARUN,16:05:41
ARUN,16:05:41
ARUN,16:05:41
ARUN,16:05:41
ARUN,16:05:41
ARUN,16:05:41
ARUN,16:05:41
ARUN,16:05:41
ARUN,16:05:41
ARUN,16:05:41
ARUN,16:05:41
ARUN,16:05:41
ARUN,16:05:41
ARUN,16:05:41
ARUN,16:05:41
ARUN,16:05:41
ARUN,16:05:41
ARUN,16:05:41
ARUN,16:05:41
ARUN,16:05:41
ARUN,16:05:41
ARUN,16:05:41
ARUN,16:05:41
ARUN,16:05:41
ARUN,16:05:41
ARUN,16:05:41
ARUN,16:05:41
ARUN,16:05:41
ARUN,16:05:41
ARUN,16:05:41
ARUN,16:05:41
ARUN,16:05:41
ARUN,16:05:41
ARUN,16:05:41
ARUN,16:05:41
ARUN,16:05:41
ARUN,16:05:41
ARUN,16:05:41
ARUN,16:05:41
ARUN,16:05:41
ARUN,16:05:41
ARUN,16:05:41
ARUN,16:05:41
ARUN,16:05:41
ARUN,16:05:41
ARUN,16:05:41
ARUN,16:05:41
ARUN,16:05:41
ARUN,16:05:41
ARUN,16:05:41
ARUN,16:05:41
ARUN,16:05:41
ARUN,16:05:41
ARUN,16:05:41
ARUN,16:05:41
ARUN,16:05:41
ARUN,16:05:41
ARUN,16:05:41
ARUN,16:05:41
ARUN,16:05:41
ARUN,16:05:41
ARUN,16:05:41
ARUN,16:05:41
ARUN,16:05:41
ARUN,16:05:41
ARUN,16:05:41
ARUN,16:05:41
ARUN,16:05:41
ARUN,16:05:41
ARUN,16:05:41
ARUN,16:05:41
ARUN,16:05:41
ARUN,16:05:41
ARUN,16:05:41
ARUN,16:05:41
ARUN,16:05:41
ARUN,16:05:41
ARUN,16:05:41
ARUN,16:05:41
ARUN,16:05:41
ARUN,16:05:41
ARUN,16:05:41
ARUN,16:05:41
ARUN,16:05:41
ARUN,16:05:41
ARUN,16:05:41
ARUN,16:05:41
ARUN,16:05:41
ARUN,16:05:41
ARUN,16:05:41
ARUN,16:05:41
ARUN,16:05:41
ARUN,16:05:41
ARUN,16:05:41
ARUN,16:05:41
ARUN,16:05:41
ARUN,16:05:41
ARUN,16:05:41
ARUN,16:05:41
ARUN,16:05:41
ARUN,16:05:41
ARUN,16:05:41
ARUN,16:05:41
ARUN,16:05:41
ARUN,16:05:41
ARUN,16:05:41
ARUN,16:05:41
ARUN,16:05:41
ARUN,16:05:41
ARUN,16:05:41
ARUN,16:05:41
ARUN,16:05:41
ARUN,16:05:41
ARUN,16:05:41
ARUN,16:05:41
ARUN,16:05:41
ARUN,16:05:41
ARUN,16:05:41
ARUN,16:05:41
ARUN,16:05:41
ARUN,16:05:41
ARUN,16:05:41
ARUN,16:05:41
ARUN,16:05:41
ARUN,16:05:41
ARUN,16:05:41
ARUN,16:05:41
ARUN,16:05:41
ARUN,16:05:41
ARUN,16:05:41
ARUN,16:05:41
ARUN,16:05:41
ARUN,16:05:41
ARUN,16:05:41
ARUN,16:05:41
ARUN,16:05:41
ARUN,16:05:41
ARUN,16:05:41
ARUN,16:05:41
ARUN,16:05:41
ARUN,16:05:41
ARUN,16:05:41
ARUN,16:05:41
ARUN,16:05:41
ARUN,16:05:41
ARUN,16:05:41
ARUN,16:05:41
ARUN,16:05:41
ARUN,16:05:41
ARUN,16:05:41
ARUN,16:05:41
ARUN,16:05:41
ARUN,16:05:41
ARUN,16:05:41
ARUN,16:05:41
ARUN,16:05:41
ARUN,16:05:41
ARUN,16:05:41
ARUN,16:05:41
ARUN,16:05:41
ARUN,16:05:41
ARUN,16:05:41
ARUN,16:05:41
ARUN,16:05:41
ARUN,16:05:41
ARUN,16:05:41
ARUN,16:05:41
ARUN,16:05:41
ARUN,16:05:41
ARUN,16:05:41
ARUN,16:05:41
ARUN,16:05:41
ARUN,16:05:41
ARUN,16:05:41
ARUN,16:05:41
ARUN,16:05:41
ARUN,16:05:41
ARUN,16:05:41
ARUN,16:05:41
ARUN,16:05:41
ARUN,16:05:41
ARUN,16:05:41
ARUN,16:05:41
ARUN,16:05:41
ARUN,16:05:41
ARUN,16:05:41
ARUN,16:05:41
ARUN,16:05:41
ARUN,16:05:41
ARUN,16:05:41
ARUN,16:05:41
ARUN,16:05:41
ARUN,16:05:41
ARUN,16:05:41
ARUN,16:05:41
ARUN,16:05:41
ARUN,16:05:41
ARUN,16:05:41
ARUN,16:05:41
ARUN,16:05:41
ARUN,16:05:41
ARUN,16:05:41
ARUN,16:05:41
ARUN,16:05:41
ARUN,16:05:41
ARUN,16:05:41
ARUN,16:05:41
ARUN,16:05:41
ARUN,16:05:41
ARUN,16:05:41
ARUN,16:05:41
ARUN,16:05:41
ARUN,16:05:41
ARUN,16:05:41
ARUN,16:05:41
ARUN,16:05:41
ARUN,16:05:41
ARUN,16:05:41
ARUN,16:05:41
ARUN,16:05:41
ARUN,16:05:41
ARUN,16:05:41
ARUN,16:05:41
ARUN,16:05:41
ARUN,16:05:41
ARUN,16:05:41
ARUN,16:05:41
ARUN,16:05:41
ARUN,16:05:41
ARUN,16:05:41
ARUN,16:05:41
ARUN,16:05:41
ARUN,16:05:41
ARUN,16:05:41
ARUN,16:05:41
ARUN,16:05:41
ARUN,16:05:41
ARUN,16:05:41
ARUN,16:05:41
ARUN,16:05:41
ARUN,16:05:41
ARUN,16:05:41
ARUN,16:05:41
ARUN,16:05:41
ARUN,16:05:41
ARUN,16:05:41
ARUN,16:05:41
ARUN,16:05:41
ARUN,16:05:41
ARUN,16:05:41
ARUN,16:05:41
ARUN,16:05:41
ARUN,16:05:41
ARUN,16:05:41
ARUN,16:05:41
ARUN,16:05:41
ARUN,16:05:41
ARUN,16:05:41
ARUN,16:05:41
ARUN,16:05:41
ARUN,16:05:41
ARUN,16:05:41
ARUN,16:05:41
ARUN,16:05:41
ARUN,16:05:41
ARUN,16:05:41
ARUN,16:05:41
ARUN,16:05:41
ARUN,16:05:41
ARUN,16:05:41
ARUN,16:05:41
ARUN,16:05:41
ARUN,16:05:41
ARUN,16:05:41
ARUN,16:05:41
ARUN,16:05:41
ARUN,16:05:41
ARUN,16:05:41
ARUN,16:05:41
ARUN,16:05:41
ARUN,16:05:41
ARUN,16:05:41
ARUN,16:05:41
ARUN,16:05:41
ARUN,16:05:41
ARUN,16:05:41
ARUN,16:05:41
ARUN,16:05:41
ARUN,16:05:41
ARUN,16:05:41
ARUN,16:05:41
ARUN,16:05:41
ARUN,16:05:41
ARUN,16:05:41
ARUN,16:05:41
ARUN,16:05:41
ARUN,16:05:41
ARUN,16:05:41
ARUN,16:05:41
ARUN,16:05:41
ARUN,16:05:41
ARUN,16:05:41
ARUN,16:05:41
ARUN,16:05:41
ARUN,16:05:41
ARUN,16:05:41
ARUN,16:05:41
ARUN,16:05:41
ARUN,16:05:41
ARUN,16:05:41
ARUN,16:05:41
ARUN,16:05:41
ARUN,16:05:41
ARUN,16:05:41
ARUN,16:05:41
ARUN,16:05:41
ARUN,16:05:41
ARUN,16:05:41
ARUN,16:05:41
ARUN,16:05:41
ARUN,16:05:41
ARUN,16:05:41
ARUN,16:05:41
ARUN,16:05:41
ARUN,16:05:41
ARUN,16:05:41
ARUN,16:05:41
ARUN,16:05:41
ARUN,16:05:41
ARUN,16:05:41
ARUN,16:05:41
ARUN,16:05:41
ARUN,16:05:41
ARUN,16:05:41
ARUN,16:05:41
ARUN,16:05:41
ARUN,16:05:41
BHARATHCHANDRA,23:16:50
BHARATHCHANDRA,23:16:50